{
  "greedy": {
    "strategy": "greedy",
    "params": {},
    "bleu_1": 0.02468094082902647,
    "bleu_2": 0.008018668483230665,
    "bleu_4": 0.004774925052524541,
    "distinct_1": 5.273705305347537e-05,
    "distinct_2": 5.5666889334224006e-05,
    "decode_time": 1.5307369232177734,
    "tokens_per_second": 13039.471183619153
  },
  "beam_search": {
    "2": {
      "strategy": "beam",
      "params": {
        "beam_width": 2
      },
      "bleu_1": 0.02468094082902647,
      "bleu_2": 0.008018668483230665,
      "bleu_4": 0.004774925052524541,
      "distinct_1": 5.273705305347537e-05,
      "distinct_2": 5.5666889334224006e-05,
      "decode_time": 1.6406786441802979,
      "tokens_per_second": 12165.697451356935
    },
    "4": {
      "strategy": "beam",
      "params": {
        "beam_width": 4
      },
      "bleu_1": 0.02468094082902647,
      "bleu_2": 0.008018668483230665,
      "bleu_4": 0.004774925052524541,
      "distinct_1": 5.273705305347537e-05,
      "distinct_2": 5.5666889334224006e-05,
      "decode_time": 2.8267557621002197,
      "tokens_per_second": 7061.098191649265
    },
    "6": {
      "strategy": "beam",
      "params": {
        "beam_width": 6
      },
      "bleu_1": 0.02468094082902647,
      "bleu_2": 0.008018668483230665,
      "bleu_4": 0.004774925052524541,
      "distinct_1": 5.273705305347537e-05,
      "distinct_2": 5.5666889334224006e-05,
      "decode_time": 4.15079927444458,
      "tokens_per_second": 4808.712414230355
    },
    "8": {
      "strategy": "beam",
      "params": {
        "beam_width": 8
      },
      "bleu_1": 0.02468094082902647,
      "bleu_2": 0.008018668483230665,
      "bleu_4": 0.004774925052524541,
      "distinct_1": 5.273705305347537e-05,
      "distinct_2": 5.5666889334224006e-05,
      "decode_time": 5.05052638053894,
      "tokens_per_second": 3952.063309066425
    }
  },
  "sampling": {
    "0.5": {
      "strategy": "sampling",
      "params": {
        "temperature": 0.5
      },
      "bleu_1": 0.02468094082902647,
      "bleu_2": 0.008018668483230665,
      "bleu_4": 0.004774925052524541,
      "distinct_1": 5.273705305347537e-05,
      "distinct_2": 5.5666889334224006e-05,
      "decode_time": 1.6440246105194092,
      "tokens_per_second": 12140.937472763188
    },
    "1.0": {
      "strategy": "sampling",
      "params": {
        "temperature": 1.0
      },
      "bleu_1": 0.023154496126756432,
      "bleu_2": 0.007522765038450081,
      "bleu_4": 0.004479664076076689,
      "distinct_1": 0.16545320249023954,
      "distinct_2": 0.23390510135887727,
      "decode_time": 1.605393886566162,
      "tokens_per_second": 12433.085840817048
    },
    "1.5": {
      "strategy": "sampling",
      "params": {
        "temperature": 1.5
      },
      "bleu_1": 0.006436850308804743,
      "bleu_2": 0.0020913165145523874,
      "bleu_4": 0.001245366551182929,
      "distinct_1": 0.3736269539501479,
      "distinct_2": 0.9829979374547076,
      "decode_time": 1.6181719303131104,
      "tokens_per_second": 12334.90683288383
    }
  }
}