{
  "config": {
    "experiment": {
      "name": "norm_post_ln",
      "description": "后归一化：在注意力/FFN模块后添加LayerNorm"
    },
    "model": {
      "d_model": 512,
      "nhead": 8,
      "num_encoder_layers": 3,
      "num_decoder_layers": 3,
      "dim_feedforward": 2048,
      "dropout": 0.1,
      "activation": "relu",
      "pe_type": "sinusoidal",
      "norm_type": "post",
      "attn_type": "multi_head"
    },
    "training": {
      "lr": 0.0001,
      "batch_size": 32,
      "epochs": 50,
      "patience": 5,
      "lr_patience": 3,
      "lr_factor": 0.5,
      "grad_clip": 1.0,
      "label_smoothing": 0.1,
      "weight_decay": 0.01
    },
    "data": {
      "max_seq_len": 20,
      "min_freq": 2
    }
  },
  "test_metrics": {
    "bleu_1": 0.02468094082902647,
    "bleu_2": 0.008018668483230665,
    "bleu_4": 0.004774925052524541,
    "rouge_l": 0.06117487462422324,
    "bert_score": 0.4818650186061859,
    "loss": 0.5857452172785997
  },
  "loss_variance": 0.26070840948099666,
  "convergence_epoch": 1,
  "train_loss_history": [
    2.8196159077692875,
    1.699501120147452,
    1.518492548734741,
    1.4372437799398878,
    1.3922477269594649,
    1.3621307995203322
  ],
  "val_loss_history": [
    0.582139927893877,
    0.30381105095148087,
    0.21588822384364903,
    0.17530819470994174,
    0.15331852436065674,
    0.14416265254840255
  ],
  "bleu_1": 0.02468094082902647,
  "bleu_2": 0.008018668483230665,
  "bleu_4": 0.004774925052524541,
  "rouge_l": 0.06117487462422324,
  "bert_score": 0.4818650186061859,
  "loss": 0.5857452172785997
}