{
  "config": {
    "experiment": {
      "name": "attention_linear",
      "description": "Linear Attention (Choromanski et al., 2020)，减少计算量"
    },
    "model": {
      "d_model": 512,
      "nhead": 8,
      "num_encoder_layers": 3,
      "num_decoder_layers": 3,
      "dim_feedforward": 2048,
      "dropout": 0.1,
      "activation": "relu",
      "pe_type": "sinusoidal",
      "norm_type": "post",
      "attn_type": "linear"
    },
    "training": {
      "lr": 0.0001,
      "batch_size": 32,
      "epochs": 50,
      "patience": 5,
      "lr_patience": 3,
      "lr_factor": 0.5,
      "grad_clip": 1.0,
      "label_smoothing": 0.1,
      "weight_decay": 0.01
    },
    "data": {
      "max_seq_len": 20,
      "min_freq": 2
    }
  },
  "test_metrics": {
    "bleu_1": 0.006539394578630945,
    "bleu_2": 0.0021246044699158163,
    "bleu_4": 0.0012651510822928272,
    "rouge_l": 0.010244966542522783,
    "bert_score": 0.5458039045333862,
    "loss": 0.17302867746911943
  },
  "training_time": 293.6425178050995,
  "attention_entropy": 2.644728994369507,
  "bleu_1": 0.006539394578630945,
  "bleu_2": 0.0021246044699158163,
  "bleu_4": 0.0012651510822928272,
  "rouge_l": 0.010244966542522783,
  "bert_score": 0.5458039045333862,
  "loss": 0.17302867746911943
}